,protocol,number of @,number of //,number of /,number of .,number of -,number of random characters,length of url,length of host name,length of query component,number of third level domains,existence of ip,existence of shady TLD,label
0,0,0,0,0,0,0,0,8,0,0,0,0,0,0
1,0,0,0,0,0,0,0,13,0,0,0,0,0,0
2,0,0,0,1,2,0,14,141,14,111,1,0,0,0
3,0,0,0,0,0,0,0,13,0,0,0,0,0,0
4,0,0,0,0,0,0,0,14,0,0,0,0,0,0
5,0,0,0,0,0,0,0,17,0,0,0,0,0,0
6,0,0,0,0,0,0,0,13,0,0,0,0,0,0
7,0,0,0,0,0,0,0,8,0,0,0,0,0,0
8,0,0,0,0,0,0,0,17,0,0,0,0,0,0
9,0,0,0,0,0,0,0,19,0,0,0,0,0,0
10,0,0,0,0,0,0,0,35,0,0,0,0,0,0
11,1,0,0,6,2,0,0,67,16,0,0,0,0,1
12,0,0,0,0,0,0,0,16,0,0,0,0,0,0
13,0,0,0,1,2,0,19,141,14,111,1,0,0,0
14,0,0,0,0,0,0,0,15,0,0,0,0,0,0
15,0,0,0,0,0,0,0,22,0,0,0,0,0,0
16,0,0,0,0,0,0,0,10,0,0,0,0,0,0
17,0,0,0,0,0,0,0,13,0,0,0,0,0,0
18,0,0,0,0,0,0,0,8,0,0,0,0,0,0
19,0,0,0,0,0,0,0,12,0,0,0,0,0,0
20,0,0,0,0,0,0,0,6,0,0,0,0,0,0
21,0,0,0,0,0,0,0,12,0,0,0,0,0,0
22,0,0,0,0,0,0,0,16,0,0,0,0,0,0
23,0,0,0,1,2,0,19,141,14,111,1,0,0,0
24,0,0,0,0,0,0,0,10,0,0,0,0,0,0
25,1,0,0,0,1,1,0,19,12,0,0,0,0,1
26,0,0,0,0,0,0,0,9,0,0,0,0,0,0
27,0,0,0,0,0,0,0,8,0,0,0,0,0,0
28,0,0,0,0,0,0,0,12,0,0,0,0,0,0
29,0,0,0,0,0,0,0,26,0,0,0,0,0,0
30,1,0,0,2,2,0,3,254,29,208,1,0,0,1
31,0,0,0,0,0,0,0,19,0,0,0,0,0,0
32,1,0,0,5,3,0,0,71,28,0,1,0,0,1
33,1,0,0,0,3,0,0,19,12,0,0,1,0,1
34,0,0,0,0,1,0,0,19,11,0,0,0,0,0
35,0,0,0,1,2,0,19,141,14,111,1,0,0,0
36,1,0,0,4,1,0,1,81,27,0,0,0,0,1
37,0,0,0,0,0,0,0,23,0,0,0,0,0,0
38,0,0,0,0,1,1,0,20,12,0,0,0,0,0
39,0,0,0,0,1,0,0,21,13,0,0,0,0,0
40,1,0,0,2,2,1,0,37,15,0,1,0,0,1
41,0,0,0,0,0,0,0,14,0,0,0,0,0,0
42,1,0,0,3,1,0,0,65,17,0,0,0,0,1
43,0,0,0,0,0,0,0,22,0,0,1,0,0,1
44,0,0,0,0,0,0,0,17,0,0,0,0,0,0
45,0,0,0,0,0,0,0,11,0,0,0,0,0,0
46,0,0,0,0,0,0,0,19,0,0,0,0,0,0
47,0,0,0,0,0,0,0,13,0,0,0,0,0,0
48,1,0,0,7,2,0,0,91,32,0,1,0,0,1
49,0,0,0,0,1,0,0,22,14,0,0,0,0,0
50,0,0,0,0,0,0,0,11,0,0,0,0,0,0
51,0,0,0,0,0,0,0,9,0,0,0,0,0,0
52,0,0,0,0,0,0,0,9,0,0,0,0,0,0
53,1,0,0,4,1,0,0,56,22,0,0,0,0,1
54,1,0,0,1,3,5,0,87,47,0,2,0,0,1
55,0,0,0,0,0,0,0,12,0,0,0,0,0,0
56,0,0,0,0,0,0,0,12,0,0,0,0,0,0
57,0,0,0,0,0,0,0,23,0,0,0,0,0,0
58,1,0,0,10,2,0,0,131,14,0,1,0,0,1
59,1,0,0,2,2,0,0,56,22,0,1,0,0,1
60,0,0,0,0,0,0,0,14,0,0,0,0,0,0
61,0,0,0,0,0,0,0,12,0,0,0,0,0,0
62,1,0,0,10,2,0,0,135,14,0,1,0,0,1
63,0,0,0,0,0,0,0,10,0,0,0,0,0,0
64,0,0,0,0,0,0,0,23,0,0,0,0,0,0
65,0,0,0,0,0,0,0,21,0,0,0,0,0,1
66,0,0,0,0,0,0,0,12,0,0,0,0,0,0
67,0,0,0,0,0,0,0,13,0,0,0,0,0,0
68,0,0,0,0,0,0,0,10,0,0,0,0,0,0
69,1,0,0,2,1,0,0,47,21,0,0,0,0,1
70,0,0,0,0,0,0,0,18,0,0,0,0,0,0
71,0,0,0,0,0,0,0,16,0,0,0,0,0,0
72,0,0,0,0,0,0,0,12,0,0,0,0,0,0
73,0,0,0,0,0,0,0,9,0,0,0,0,0,0
74,0,0,0,0,0,0,0,19,0,0,0,0,0,0
75,1,0,0,10,2,0,0,132,14,0,1,0,0,1
76,1,0,0,7,3,0,7,115,11,0,0,1,0,1
77,0,0,0,0,0,0,0,20,0,0,0,0,0,0
78,0,0,0,0,0,0,0,19,0,0,0,0,0,0
79,0,0,0,0,0,0,0,12,0,0,0,0,0,0
80,0,0,0,0,0,0,0,14,0,0,0,0,0,0
81,0,0,0,0,0,0,0,13,0,0,0,0,0,0
82,0,0,0,0,0,0,0,17,0,0,0,0,0,0
83,1,0,0,2,2,0,0,43,27,0,1,0,0,1
84,0,0,0,0,0,0,0,23,0,0,0,0,0,0
85,1,0,0,3,3,3,3,85,26,13,2,0,0,1
86,0,0,0,0,0,0,0,8,0,0,0,0,0,0
87,1,0,0,3,1,1,0,66,14,0,0,0,0,1
88,0,0,0,0,0,0,0,13,0,0,0,0,0,0
89,0,0,0,0,0,0,0,9,0,0,0,0,0,0
90,0,0,0,1,2,0,19,141,14,111,1,0,0,0
91,0,0,0,0,0,0,0,12,0,0,0,0,0,0
92,0,0,0,0,0,0,0,12,0,0,0,0,0,0
93,0,0,0,1,2,0,19,141,14,111,1,0,0,0
94,0,0,0,0,0,0,0,16,0,0,0,0,0,0
95,0,0,0,1,2,0,19,141,14,111,1,0,0,0
96,0,0,0,0,0,0,0,8,0,0,0,0,0,0
97,0,0,0,0,0,0,0,12,0,0,0,0,0,0
98,0,0,0,0,0,0,0,14,0,0,0,0,0,0
99,0,0,0,0,0,0,0,11,0,0,0,0,0,0
100,0,0,0,0,0,0,0,20,0,0,0,0,0,0
101,0,0,0,0,0,0,0,16,0,0,0,0,0,0
102,1,0,0,5,3,0,2,70,20,22,1,0,0,1
103,0,0,0,0,0,0,0,13,0,0,0,0,0,0
104,0,0,0,0,0,0,0,18,0,0,0,0,0,0
105,0,0,0,0,0,0,0,16,0,0,0,0,0,0
106,0,0,0,0,0,0,0,15,0,0,0,0,0,0
107,0,0,0,0,0,0,0,13,0,0,0,0,0,0
108,0,0,0,0,1,0,0,29,21,0,0,0,0,0
109,0,0,0,0,0,0,0,10,0,0,0,0,0,0
110,0,0,0,1,3,0,3,37,17,10,1,0,0,0
111,0,0,0,0,0,0,0,16,0,0,0,0,0,0
112,0,0,0,0,0,0,0,12,0,0,0,0,0,0
113,0,0,0,0,0,0,0,23,0,0,0,0,0,0
114,0,0,0,0,0,0,0,18,0,0,0,0,0,0
115,1,0,0,2,4,0,0,84,47,0,3,0,0,1
116,0,0,0,0,0,0,0,19,0,0,0,0,0,0
117,0,0,0,0,0,0,0,14,0,0,0,0,0,0
118,1,0,0,0,1,0,0,25,18,0,0,0,0,1
119,0,0,0,0,0,0,0,14,0,0,0,0,0,0
120,0,0,0,0,0,0,0,13,0,0,0,0,0,0
121,0,0,0,0,0,0,0,26,0,0,0,0,0,1
122,1,0,0,1,3,0,0,26,18,0,1,0,0,1
123,0,0,0,0,0,0,0,16,0,0,0,0,0,0
124,0,0,0,0,2,0,0,23,15,0,1,0,0,0
125,0,0,0,0,0,0,0,8,0,0,0,0,0,0
126,0,0,0,0,0,0,0,13,0,0,0,0,0,0
127,0,0,0,0,0,0,0,18,0,0,0,0,0,0
128,0,0,0,0,0,0,0,37,0,0,0,0,0,0
129,0,0,0,0,0,0,0,7,0,0,0,0,0,0
130,1,0,0,5,2,0,0,67,20,0,1,0,0,1
131,0,0,0,0,0,0,0,12,0,0,0,0,0,0
132,0,0,0,0,0,0,0,17,0,0,0,0,0,0
133,0,0,0,0,2,0,0,27,19,0,1,0,0,0
134,0,0,0,0,0,0,0,17,0,0,0,0,0,0
135,0,0,0,0,0,0,0,10,0,0,0,0,0,0
136,0,0,0,1,2,0,19,140,14,110,1,0,0,0
137,0,0,0,1,3,0,0,24,15,0,1,0,0,0
138,0,0,0,0,0,0,0,20,0,0,0,0,0,0
139,0,0,0,0,0,0,0,10,0,0,0,0,0,0
140,0,0,0,0,0,0,0,8,0,0,0,0,0,0
141,0,0,0,0,0,0,0,12,0,0,0,0,0,0
142,0,0,0,0,0,0,0,12,0,0,0,0,0,0
143,0,0,0,0,0,0,0,22,0,0,0,0,0,0
144,0,0,0,0,0,0,0,10,0,0,0,0,0,0
145,0,0,0,0,0,0,0,10,0,0,0,0,0,0
146,0,0,0,0,0,0,0,9,0,0,0,0,0,0
147,0,0,0,0,0,0,0,13,0,0,0,0,0,0
148,0,0,0,0,0,0,0,25,0,0,0,0,0,0
149,0,0,0,0,0,0,0,16,0,0,1,0,0,1
150,0,0,0,0,0,0,0,11,0,0,0,0,0,0
151,0,0,0,0,0,0,0,18,0,0,0,0,0,0
152,0,0,0,0,0,0,0,20,0,0,0,0,0,0
153,1,0,0,2,2,0,0,45,22,0,1,0,0,1
154,0,0,0,0,0,0,0,18,0,0,0,0,0,0
155,0,0,0,0,1,0,0,17,9,0,0,0,0,0
156,0,0,0,0,0,0,0,13,0,0,0,0,0,0
157,0,0,0,0,0,0,0,20,0,0,0,0,0,0
158,0,0,0,0,0,0,0,20,0,0,0,0,0,0
159,1,0,0,10,2,0,0,131,14,0,1,0,0,1
160,0,0,0,0,0,0,0,9,0,0,0,0,0,0
161,0,0,0,0,0,0,0,25,0,0,0,0,0,0
162,1,0,0,3,3,0,0,63,23,0,1,0,0,1
163,0,0,0,0,0,0,0,12,0,0,0,0,0,0
164,0,0,0,0,0,0,0,21,0,0,0,0,0,0
165,0,0,0,0,1,0,0,23,15,0,0,0,0,0
166,0,0,0,0,2,0,0,25,17,0,1,0,0,0
167,0,0,0,0,0,0,0,10,0,0,0,0,0,0
168,1,0,1,3,2,0,1,49,21,0,1,0,0,1
169,0,0,0,1,2,0,19,141,14,111,1,0,0,0
170,0,0,0,0,0,0,0,19,0,0,0,0,0,0
171,1,0,0,3,3,0,0,41,22,0,1,0,0,1
172,0,0,0,0,0,0,0,20,0,0,0,0,0,0
173,0,0,0,0,0,0,0,18,0,0,0,0,0,0
174,0,0,0,0,0,0,0,15,0,0,0,0,0,0
175,0,0,0,0,0,0,0,28,0,0,0,0,0,0
176,0,0,0,0,0,0,0,21,0,0,0,0,0,0
177,0,0,0,0,0,0,0,12,0,0,0,0,0,0
178,1,0,0,5,2,0,0,63,18,0,1,0,0,1
179,0,0,0,0,0,0,0,21,0,0,0,0,0,0
180,0,0,0,0,0,0,0,19,0,0,0,0,0,0
181,0,0,0,1,3,0,3,37,17,10,1,0,0,0
182,0,0,0,0,0,0,0,9,0,0,0,0,0,0
183,0,0,0,0,0,0,0,16,0,0,0,0,0,0
184,1,0,0,10,2,0,0,133,14,0,1,0,0,1
185,1,0,0,6,2,0,0,51,13,0,0,0,0,1
186,0,0,0,0,0,0,0,12,0,0,0,0,0,0
187,0,0,0,0,0,0,0,23,0,0,0,0,0,0
188,0,0,0,0,0,0,0,13,0,0,0,0,0,0
189,0,0,0,0,0,0,0,19,0,0,0,0,0,0
190,0,0,0,0,0,0,0,17,0,0,0,0,0,0
191,0,0,0,0,0,0,0,15,0,0,0,0,0,0
192,0,0,0,0,0,0,0,16,0,0,1,0,0,1
193,0,0,0,1,2,0,19,140,14,110,1,0,0,0
194,1,0,0,6,2,0,3,167,22,0,1,0,0,1
195,0,0,0,0,0,0,0,15,0,0,0,0,0,0
196,1,0,0,6,1,0,0,75,16,0,0,0,0,1
197,1,0,0,2,1,0,2,54,21,8,0,0,0,1
198,1,0,0,2,1,0,0,50,20,0,0,0,0,1
199,1,0,0,5,2,0,0,80,22,0,1,0,0,1
200,0,0,0,1,2,0,19,141,14,111,1,0,0,0
201,0,0,0,0,0,0,0,24,0,0,0,0,0,0
202,0,0,0,0,0,0,0,11,0,0,0,0,0,0
203,0,0,0,0,0,0,0,13,0,0,0,0,0,0
204,0,0,0,0,0,0,0,13,0,0,0,0,0,0
205,1,0,0,5,1,0,0,72,17,0,0,0,0,1
206,1,0,0,4,1,3,0,55,27,0,0,0,0,1
207,1,0,0,10,2,0,0,131,14,0,1,0,0,1
208,0,0,0,0,0,0,0,7,0,0,0,0,0,0
209,1,0,0,2,2,1,0,30,10,0,1,0,0,1
210,0,0,0,0,0,0,0,12,0,0,0,0,0,0
211,0,0,0,0,0,0,0,9,0,0,0,0,0,0
212,0,0,0,0,0,0,0,12,0,0,0,0,0,0
213,0,0,0,0,0,0,0,11,0,0,0,0,0,0
214,0,0,0,0,0,0,0,14,0,0,0,0,0,0
215,0,0,0,0,0,0,0,16,0,0,0,0,0,0
216,0,0,0,0,0,0,0,14,0,0,0,0,0,0
217,0,0,0,0,0,0,0,8,0,0,0,0,0,0
218,1,0,0,5,2,0,20,193,20,115,0,0,0,1
219,0,0,0,0,0,0,0,6,0,0,0,0,0,0
220,1,0,0,2,10,2,0,379,138,0,9,0,0,1
221,0,0,0,0,0,0,0,16,0,0,0,0,0,0
222,0,0,0,1,2,0,10,109,14,79,1,0,0,0
223,0,0,0,0,0,0,0,14,0,0,0,0,0,0
224,0,0,0,0,0,0,0,10,0,0,0,0,0,0
225,0,0,0,0,0,0,0,17,0,0,0,0,0,0
226,0,0,0,0,0,0,0,17,0,0,0,0,0,0
227,0,0,0,0,0,0,0,11,0,0,0,0,0,0
228,0,0,0,0,0,0,0,19,0,0,0,0,0,0
229,1,0,0,4,5,0,0,174,39,0,4,0,0,1
230,0,0,0,0,0,0,0,16,0,0,0,0,0,0
231,0,0,0,0,1,0,0,12,4,0,0,0,0,0
232,0,0,0,0,0,0,0,11,0,0,0,0,0,0
233,0,0,0,0,0,0,0,14,0,0,0,0,0,0
234,0,0,0,0,0,0,0,19,0,0,0,0,0,0
235,0,0,0,0,0,0,0,19,0,0,0,0,0,0
236,0,0,0,0,0,0,0,17,0,0,0,0,0,0
237,1,0,0,2,3,0,2,58,13,14,0,1,0,1
238,0,0,0,0,0,0,0,16,0,0,0,0,0,0
239,0,0,0,0,0,0,0,13,0,0,0,0,0,0
240,0,0,0,0,0,0,0,17,0,0,1,0,0,1
241,1,0,0,1,1,0,0,28,13,0,0,0,0,1
242,0,0,0,0,0,0,0,21,0,0,0,0,0,0
243,0,0,0,0,0,0,0,12,0,0,0,0,0,0
244,0,0,0,0,0,0,0,17,0,0,0,0,0,0
245,0,0,0,0,0,0,0,9,0,0,0,0,0,0
246,0,0,0,0,0,0,0,12,0,0,0,0,0,0
247,0,0,0,0,0,0,0,20,0,0,0,0,0,0
248,0,0,0,0,0,0,0,7,0,0,0,0,0,0
249,0,0,0,0,0,0,0,15,0,0,0,0,0,0
250,0,0,0,0,0,0,0,23,0,0,0,0,0,0
251,0,0,0,0,2,0,0,19,11,0,1,0,0,0
252,0,0,0,0,0,0,0,24,0,0,1,0,0,1
253,0,0,0,0,0,0,0,19,0,0,0,0,0,0
254,0,0,0,0,0,0,0,10,0,0,0,0,0,0
255,0,0,0,0,0,0,0,16,0,0,0,0,0,0
256,1,0,0,2,1,0,2,58,11,35,0,0,0,1
257,0,0,0,0,0,0,0,14,0,0,0,0,0,0
258,0,0,0,0,0,0,0,13,0,0,0,0,0,0
259,0,0,0,0,0,0,0,6,0,0,0,0,0,0
260,0,0,0,0,1,0,0,21,13,0,0,0,0,0
261,0,0,0,0,0,0,0,19,0,0,0,0,0,0
262,0,0,0,0,0,0,0,15,0,0,0,0,0,0
263,1,0,0,5,1,0,0,49,17,0,0,0,0,1
264,0,0,0,0,0,0,0,11,0,0,0,0,0,0
265,0,0,0,0,0,0,0,16,0,0,0,0,0,0
266,0,0,0,0,0,0,0,6,0,0,0,0,0,0
267,0,0,0,1,2,0,14,140,14,110,1,0,0,0
268,0,0,0,0,0,0,0,20,0,0,0,0,0,0
269,0,0,0,0,0,0,0,19,0,0,0,0,0,0
270,0,0,0,0,0,0,0,21,0,0,0,0,0,0
271,0,0,0,1,2,0,14,140,14,110,1,0,0,0
272,0,0,0,0,0,0,0,13,0,0,0,0,0,1
273,1,0,0,3,2,1,0,46,17,0,1,0,0,1
274,0,0,0,0,0,0,0,14,0,0,0,0,0,0
275,0,0,0,0,0,0,0,19,0,0,0,0,0,0
276,0,0,0,1,3,0,0,24,15,0,1,0,0,0
277,1,0,0,2,1,0,0,41,15,0,0,0,0,1
278,0,0,0,0,0,0,0,16,0,0,0,0,0,0
279,0,0,0,0,0,0,0,19,0,0,0,0,0,0
280,0,0,0,0,0,0,0,8,0,0,0,0,0,0
281,0,0,0,1,3,0,0,24,15,0,1,0,0,0
282,0,0,0,0,0,0,0,18,0,0,0,0,0,0
283,0,0,0,0,0,0,0,9,0,0,0,0,0,0
284,0,0,0,0,0,0,0,15,0,0,0,0,0,0
285,0,0,0,0,0,0,0,13,0,0,0,0,0,0
286,0,0,0,0,0,0,0,28,0,0,0,0,0,0
287,0,0,0,0,0,0,0,14,0,0,0,0,0,0
288,0,0,0,0,0,0,0,20,0,0,0,0,0,0
289,1,0,0,1,2,0,16,208,14,182,1,0,0,1
290,0,0,0,0,0,0,0,18,0,0,0,0,0,0
291,0,0,0,0,0,0,0,7,0,0,0,0,0,0
292,1,0,0,2,1,0,0,34,22,0,0,0,0,1
293,1,0,0,1,5,0,0,45,37,0,4,0,0,1
294,0,0,0,1,2,0,14,140,14,110,1,0,0,0
295,0,0,0,0,0,0,0,13,0,0,0,0,0,0
296,1,0,0,6,2,2,1,80,26,0,1,0,0,1
297,0,0,0,0,0,0,0,17,0,0,0,0,0,0
298,0,0,0,0,0,0,0,17,0,0,0,0,0,0
299,0,0,0,0,0,0,0,34,0,0,0,0,0,0
300,1,0,0,0,3,0,0,19,12,0,0,1,0,1
301,1,0,0,4,1,0,3,79,12,27,0,0,0,1
302,1,0,0,2,1,0,13,131,13,95,0,0,0,1
303,0,0,0,0,0,0,0,16,0,0,1,0,0,0
304,1,0,0,10,2,0,0,135,14,0,1,0,0,1
305,0,0,0,0,0,0,0,16,0,0,0,0,0,0
306,1,0,0,3,2,0,0,34,15,0,1,0,0,1
307,0,0,0,0,0,0,0,11,0,0,0,0,0,0
308,0,0,0,0,0,0,0,16,0,0,0,0,0,0
309,0,0,0,0,0,0,0,17,0,0,0,0,0,0
310,0,0,0,0,0,0,0,20,0,0,0,0,0,0
311,0,0,0,0,0,0,0,15,0,0,0,0,0,0
312,1,0,0,2,2,0,0,36,21,0,1,0,0,1
313,0,0,0,0,0,0,0,13,0,0,0,0,0,0
314,0,0,0,0,0,0,0,12,0,0,0,0,0,0
315,0,0,0,0,0,0,0,21,0,0,0,0,0,0
316,0,0,0,0,0,0,0,8,0,0,0,0,0,0
317,1,0,0,1,1,0,0,28,13,0,0,0,0,1
318,0,0,0,0,0,0,0,18,0,0,0,0,0,0
319,0,0,0,0,0,0,0,7,0,0,0,0,0,0
320,0,0,0,0,0,0,0,12,0,0,0,0,0,0
321,0,0,0,0,0,0,0,19,0,0,0,0,0,0
322,0,0,0,0,0,0,0,10,0,0,0,0,0,0
323,1,0,0,2,1,0,0,36,14,0,0,0,0,1
324,1,0,0,6,3,0,0,83,24,0,1,0,0,1
325,0,0,0,0,0,0,0,15,0,0,0,0,0,0
326,0,0,0,0,0,0,0,11,0,0,0,0,0,0
327,0,0,0,0,0,0,0,18,0,0,0,0,0,0
328,0,0,0,0,0,0,0,16,0,0,0,0,0,0
329,0,0,0,0,0,0,0,18,0,0,0,0,0,0
330,0,0,0,0,0,0,0,12,0,0,0,0,0,0
331,0,0,0,0,0,0,0,16,0,0,0,0,0,0
332,0,0,0,0,0,0,0,11,0,0,0,0,0,0
333,0,0,0,0,0,0,0,17,0,0,0,0,0,0
334,0,0,0,0,0,0,0,12,0,0,0,0,0,0
335,0,0,0,0,0,0,0,18,0,0,0,0,0,0
336,0,0,0,0,0,0,0,13,0,0,0,0,0,0
337,1,0,0,2,2,0,0,37,15,0,1,0,0,1
338,0,0,0,0,0,0,0,11,0,0,0,0,0,0
339,1,0,0,2,2,0,0,43,22,0,1,0,0,1
340,0,0,0,0,0,0,0,10,0,0,0,0,0,0
341,1,0,0,3,2,0,0,37,16,0,1,0,0,1
342,0,0,0,0,0,0,0,12,0,0,0,0,0,0
343,0,0,0,0,0,0,0,12,0,0,0,0,0,0
344,1,0,0,0,1,1,0,23,16,0,0,0,0,1
345,0,0,0,0,0,0,0,9,0,0,0,0,0,0
346,0,0,0,0,0,0,0,10,0,0,0,0,0,0
347,0,0,0,1,2,0,0,46,30,0,1,0,0,1
348,0,0,0,0,0,0,0,17,0,0,0,0,0,0
349,0,0,0,0,0,0,0,22,0,0,1,0,0,0
350,0,0,0,0,0,0,0,27,0,0,0,0,0,0
351,0,0,0,0,0,0,0,16,0,0,0,0,0,1
352,0,0,0,0,0,0,0,15,0,0,0,0,0,0
353,1,0,0,3,1,0,2,77,20,0,0,0,0,1
354,1,0,0,3,2,1,0,59,27,0,1,0,0,1
355,0,0,0,0,0,0,0,8,0,0,0,0,0,0
356,1,0,0,7,3,0,8,140,11,0,0,1,0,1
357,1,0,0,6,1,0,0,77,14,0,0,0,0,1
358,0,0,0,0,0,0,0,12,0,0,0,0,0,0
359,0,0,0,0,2,0,0,22,14,0,1,0,0,0
360,0,0,0,1,2,0,14,140,14,110,1,0,0,0
361,0,0,0,0,0,0,0,17,0,0,0,0,0,0
362,0,0,0,0,0,0,0,13,0,0,0,0,0,0
363,0,0,0,0,0,0,0,10,0,0,0,0,0,0
364,0,0,0,0,0,0,0,21,0,0,0,0,0,0
365,0,0,0,0,0,0,0,14,0,0,0,0,0,0
366,0,0,0,0,0,0,0,16,0,0,0,0,0,0
367,0,0,0,0,0,0,0,12,0,0,0,0,0,0
368,0,0,0,0,0,0,0,22,0,0,0,0,0,0
369,0,0,0,0,0,0,0,29,0,0,0,0,0,0
370,0,0,0,0,0,0,0,8,0,0,0,0,0,0
371,0,0,0,0,0,0,0,9,0,0,0,0,0,0
372,0,0,0,0,0,0,0,14,0,0,0,0,0,0
373,0,0,0,0,0,0,0,10,0,0,0,0,0,0
374,0,0,0,0,0,0,0,18,0,0,0,0,0,0
375,1,0,0,2,3,0,0,81,22,0,2,0,0,1
376,0,0,0,0,0,0,0,15,0,0,0,0,0,0
377,0,0,0,0,0,0,0,21,0,0,0,0,0,0
378,0,0,0,0,0,0,0,19,0,0,0,0,0,0
379,1,0,0,2,3,0,0,81,22,0,2,0,0,1
380,0,0,0,0,0,0,0,11,0,0,0,0,0,0
381,0,0,0,0,0,0,0,24,0,0,0,0,0,0
382,0,0,0,0,0,0,0,8,0,0,0,0,0,0
383,0,0,0,0,0,0,0,10,0,0,0,0,0,0
384,0,0,0,0,0,0,0,10,0,0,0,0,0,0
385,0,0,0,1,3,0,3,37,17,10,1,0,0,0
386,0,0,0,0,0,0,0,18,0,0,0,0,0,0
387,0,0,0,0,0,0,0,9,0,0,0,0,0,0
388,0,0,0,0,0,0,0,15,0,0,0,0,0,0
389,0,0,0,0,0,0,0,16,0,0,0,0,0,0
390,1,0,0,4,1,0,0,63,16,0,0,0,0,1
391,0,0,0,0,0,0,0,14,0,0,0,0,0,0
392,0,0,0,0,0,0,0,10,0,0,0,0,0,1
393,0,0,0,0,0,0,0,12,0,0,0,0,0,0
394,0,0,0,0,0,0,0,9,0,0,0,0,0,0
395,0,0,0,0,0,0,0,22,0,0,0,0,0,0
396,1,0,0,2,2,0,5,89,17,40,1,0,0,1
397,1,0,0,2,2,0,0,42,15,0,0,0,0,1
398,0,0,0,0,0,0,0,14,0,0,0,0,0,0
399,1,0,0,5,1,0,0,61,13,0,0,0,0,1
400,1,0,0,3,2,0,2,52,17,0,1,0,0,1
401,1,0,0,2,2,0,15,134,20,79,0,0,0,1
402,0,0,0,0,0,0,0,18,0,0,1,0,0,1
403,0,0,0,0,0,0,0,16,0,0,0,0,0,0
404,1,0,0,3,1,0,0,33,18,0,0,0,0,1
405,0,0,0,1,3,0,3,37,17,10,1,0,0,0
406,1,0,0,7,3,0,8,119,11,0,0,1,0,1
407,1,0,0,3,1,0,0,31,14,0,0,0,0,1
408,0,0,0,0,0,0,0,12,0,0,0,0,0,0
409,1,0,0,2,1,0,1,45,19,0,0,0,0,1
410,0,0,0,0,1,0,0,29,21,0,0,0,0,0
411,1,0,0,7,3,0,8,140,11,0,0,1,0,1
412,0,0,0,0,0,0,0,12,0,0,0,0,0,0
413,0,0,0,0,0,0,0,7,0,0,0,0,0,0
414,1,0,0,2,1,0,13,131,13,95,0,0,0,1
415,0,0,0,0,0,0,0,9,0,0,0,0,0,0
416,1,0,0,5,2,0,0,73,18,0,1,0,0,1
417,0,0,0,0,0,0,0,11,0,0,0,0,0,0
418,0,0,0,0,0,0,0,18,0,0,0,0,0,0
419,0,0,0,0,0,0,0,7,0,0,0,0,0,0
420,1,0,0,5,3,0,0,77,16,0,1,0,0,1
421,1,0,0,3,2,0,0,37,15,0,1,0,0,1
422,0,0,0,0,0,0,0,13,0,0,0,0,0,0
423,0,0,0,0,0,0,0,15,0,0,0,0,0,0
424,1,0,0,7,3,0,7,115,11,0,0,1,0,1
425,0,0,0,0,0,0,0,17,0,0,0,0,0,0
426,0,0,0,0,0,0,0,17,0,0,0,0,0,0
427,1,0,0,3,1,0,1,55,20,0,0,0,0,1
428,0,0,0,0,0,0,0,22,0,0,0,0,0,0
429,0,0,0,0,0,0,0,14,0,0,0,0,0,0
430,1,0,0,10,2,0,0,131,14,0,1,0,0,1
431,0,0,0,0,0,0,0,22,0,0,0,0,0,0
432,1,0,0,0,3,0,0,22,15,0,0,1,0,1
433,0,0,0,0,0,0,0,24,0,0,1,0,0,1
434,0,0,0,0,0,0,0,23,0,0,0,0,0,0
435,0,0,0,0,0,0,0,7,0,0,0,0,0,0
436,1,0,0,3,2,0,0,49,17,0,1,0,0,1
437,0,0,0,0,0,0,0,13,0,0,0,0,0,0
438,0,0,0,0,0,0,0,24,0,0,0,0,0,0
439,0,0,0,0,1,0,0,22,14,0,0,0,0,0
440,0,0,0,0,0,0,0,10,0,0,0,0,0,0
441,0,0,0,0,0,0,0,14,0,0,0,0,0,0
442,1,0,0,4,1,0,0,69,24,0,0,0,0,1
443,1,0,0,6,2,0,9,151,17,63,0,0,0,1
444,1,0,0,1,3,0,0,27,12,0,0,1,0,1
445,0,0,0,0,0,0,0,13,0,0,0,0,0,0
446,0,0,0,1,3,0,3,37,17,10,1,0,0,0
447,1,0,0,2,1,0,0,33,12,0,0,0,0,1
448,0,0,0,1,2,0,19,140,14,110,1,0,0,0
449,0,0,0,0,0,0,0,13,0,0,0,0,0,0
450,0,0,0,0,0,0,0,8,0,0,0,0,0,0
451,0,0,0,1,3,0,0,24,15,0,1,0,0,0
452,0,0,0,0,1,0,0,16,8,0,0,0,0,0
453,0,0,0,0,0,0,0,6,0,0,0,0,0,0
454,0,0,0,0,0,0,0,17,0,0,0,0,0,0
455,0,0,0,0,2,0,0,20,12,0,0,0,0,0
456,0,0,0,0,0,0,0,26,0,0,0,0,0,0
457,0,0,0,0,0,0,0,16,0,0,0,0,0,0
458,1,0,0,4,2,0,0,66,18,0,1,0,0,1
459,0,0,0,0,0,0,0,15,0,0,0,0,0,0
460,0,0,0,0,0,0,0,12,0,0,0,0,0,0
461,0,0,0,0,1,0,0,14,6,0,0,0,0,0
462,0,0,0,0,0,0,0,18,0,0,0,0,0,0
463,0,0,0,0,0,0,0,16,0,0,0,0,0,0
464,0,0,0,0,2,0,0,21,13,0,0,0,0,0
465,1,0,0,3,2,0,0,49,22,0,0,0,0,1
466,0,0,0,0,0,0,0,24,0,0,1,0,0,0
467,0,0,0,0,0,0,0,11,0,0,0,0,0,0
468,0,0,0,1,2,0,0,42,26,0,1,0,0,1
469,0,0,0,0,0,0,0,10,0,0,0,0,0,0
470,0,0,0,0,0,0,0,9,0,0,0,0,0,0
471,0,0,0,0,0,0,0,15,0,0,0,0,0,0
472,0,0,0,0,0,0,0,24,0,0,0,0,0,0
473,0,0,0,0,0,0,0,27,0,0,0,0,0,0
474,0,0,0,0,0,0,0,14,0,0,0,0,0,1
475,0,0,0,0,0,0,0,20,0,0,0,0,0,0
476,0,0,0,0,0,0,0,9,0,0,0,0,0,0
477,0,0,0,0,0,0,0,21,0,0,0,0,0,0
478,0,0,0,1,2,0,14,140,14,110,1,0,0,0
479,0,0,0,0,0,0,0,10,0,0,0,0,0,0
480,0,0,0,0,0,0,0,16,0,0,0,0,0,0
481,0,0,0,1,3,0,0,24,15,0,1,0,0,0
482,0,0,0,0,0,0,0,16,0,0,0,0,0,0
483,0,0,0,0,0,0,0,10,0,0,0,0,0,0
484,0,0,0,1,2,0,19,141,14,111,1,0,0,0
485,0,0,0,0,0,0,0,8,0,0,0,0,0,0
486,1,0,0,3,1,1,0,53,14,0,0,0,0,1
487,1,0,0,2,1,0,0,28,14,0,0,0,0,1
488,0,0,0,0,0,0,0,13,0,0,0,0,0,0
489,0,0,0,0,0,0,0,12,0,0,0,0,0,0
490,0,0,0,0,0,0,0,19,0,0,0,0,0,0
491,0,0,0,0,0,0,0,29,0,0,0,0,0,0
492,0,0,0,0,0,0,0,14,0,0,0,0,0,0
493,0,0,0,0,0,0,0,17,0,0,0,0,0,0
494,0,0,0,0,0,0,0,14,0,0,0,0,0,0
495,0,0,0,1,2,0,14,141,14,111,1,0,0,0
496,0,0,0,0,0,0,0,10,0,0,0,0,0,0
497,0,0,0,1,2,0,14,140,14,110,1,0,0,0
498,0,0,0,0,0,0,0,12,0,0,0,0,0,0
499,1,0,0,6,1,0,0,58,12,0,0,0,0,1
500,0,0,0,0,0,0,0,14,0,0,0,0,0,0
501,0,0,0,0,0,0,0,26,0,0,0,0,0,0
502,1,0,0,3,2,0,0,74,28,0,1,0,0,1
503,0,0,0,0,0,0,0,9,0,0,0,0,0,0
504,0,0,0,0,0,0,0,24,0,0,0,0,0,0
505,0,0,0,0,0,0,0,18,0,0,0,0,0,0
506,0,0,0,0,0,0,0,17,0,0,0,0,0,0
507,0,0,0,0,0,0,0,14,0,0,0,0,0,0
508,0,0,0,0,0,0,0,15,0,0,0,0,0,0
509,1,0,0,7,3,0,8,140,11,0,0,1,0,1
510,0,0,0,0,0,0,0,27,0,0,0,0,0,0
511,0,0,0,2,2,0,0,77,12,0,1,0,0,0
512,0,0,0,1,3,0,3,37,17,10,1,0,0,0
513,0,0,0,0,1,0,0,20,12,0,0,0,0,0
514,0,0,0,0,0,0,0,9,0,0,0,0,0,0
515,1,0,0,5,2,0,0,58,11,0,1,0,0,1
516,0,0,0,0,0,0,0,7,0,0,0,0,0,0
517,0,0,0,0,0,0,0,19,0,0,0,0,0,0
518,1,0,0,1,3,0,0,32,20,0,2,0,0,1
519,0,0,0,0,0,0,0,13,0,0,0,0,0,0
520,0,0,0,0,0,0,0,18,0,0,0,0,0,0
521,0,0,0,0,0,0,0,22,0,0,0,0,0,0
522,1,0,0,3,1,0,0,54,17,0,0,0,0,1
523,0,0,0,0,0,0,0,16,0,0,0,0,0,0
524,0,0,0,0,0,0,0,18,0,0,0,0,0,0
525,1,0,0,2,2,0,0,40,25,0,1,0,0,1
526,0,0,0,0,0,0,0,11,0,0,0,0,0,0
527,0,0,0,1,2,0,0,46,30,0,1,0,0,1
528,1,0,0,3,1,0,1,66,19,0,0,0,0,1
529,1,0,0,10,2,0,0,134,14,0,1,0,0,1
530,0,0,0,0,0,0,0,20,0,0,0,0,0,0
531,0,0,0,0,0,0,0,24,0,0,0,0,0,0
532,0,0,0,0,0,0,0,14,0,0,0,0,0,0
533,0,0,0,0,0,0,0,17,0,0,0,0,0,0
534,0,0,0,0,0,0,0,12,0,0,0,0,0,0
535,1,0,0,0,2,0,0,21,14,0,1,0,0,1
536,0,0,0,1,3,0,0,24,15,0,1,0,0,0
537,0,0,0,0,0,0,0,12,0,0,0,0,0,0
538,1,0,0,5,1,0,0,51,13,0,0,0,0,1
539,0,0,0,0,0,0,0,19,0,0,0,0,0,0
540,1,0,0,5,2,0,1,83,18,0,1,0,0,1
541,0,0,0,0,0,0,0,17,0,0,0,0,0,0
542,0,0,0,0,0,0,0,8,0,0,0,0,0,0
543,0,0,0,0,0,0,0,22,0,0,0,0,0,0
544,0,0,0,0,0,0,0,11,0,0,0,0,0,0
545,0,0,0,0,0,0,0,24,0,0,0,0,0,0
546,1,0,0,2,3,0,0,34,15,0,0,1,0,1
547,0,0,0,0,0,0,0,10,0,0,0,0,0,0
548,0,0,0,0,0,0,0,21,0,0,0,0,0,0
549,0,0,0,0,0,0,0,9,0,0,0,0,0,0
550,0,0,0,0,0,0,0,9,0,0,0,0,0,0
551,0,0,0,0,0,0,0,15,0,0,0,0,0,0
552,0,0,0,0,0,0,0,16,0,0,0,0,0,0
553,0,0,0,0,0,0,0,13,0,0,0,0,0,0
554,1,0,0,3,2,0,0,50,23,0,1,0,0,1
555,0,0,0,0,0,0,0,16,0,0,0,0,0,0
556,0,0,0,0,0,0,0,14,0,0,0,0,0,0
557,0,0,0,0,0,0,0,10,0,0,0,0,0,0
558,0,0,0,0,0,0,0,17,0,0,0,0,0,0
559,0,0,0,0,0,0,0,15,0,0,0,0,0,0
560,0,0,0,1,3,0,0,24,15,0,1,0,0,0
561,1,0,0,3,2,0,0,59,18,0,0,0,0,1
562,0,0,0,0,0,0,0,11,0,0,0,0,0,0
563,0,0,0,0,0,0,0,11,0,0,0,0,0,0
564,0,0,0,0,0,0,0,12,0,0,0,0,0,0
565,1,0,0,2,3,0,0,81,22,0,2,0,0,1
566,0,0,0,0,0,0,0,12,0,0,0,0,0,0
567,0,0,0,0,0,0,0,12,0,0,0,0,0,0
568,0,0,0,0,0,0,0,12,0,0,0,0,0,0
569,1,0,0,2,2,0,0,39,15,0,1,0,0,1
570,0,0,0,0,0,0,0,13,0,0,0,0,0,0
571,0,0,0,1,2,0,19,140,14,110,1,0,0,0
572,1,0,0,7,2,0,1,74,19,0,1,0,0,1
573,0,0,0,1,3,0,0,24,15,0,1,0,0,0
574,0,0,0,0,0,0,0,10,0,0,0,0,0,0
575,0,0,0,0,0,0,0,23,0,0,0,0,0,0
576,0,0,0,0,0,0,0,14,0,0,0,0,0,0
577,0,0,0,0,0,0,0,15,0,0,0,0,0,0
578,0,0,0,0,0,0,0,14,0,0,0,0,0,0
579,0,0,0,0,0,0,0,10,0,0,0,0,0,0
580,0,0,0,0,0,0,0,13,0,0,0,0,0,0
581,0,0,0,0,0,0,0,11,0,0,0,0,0,0
582,0,0,0,0,0,0,0,21,0,0,0,0,0,0
583,0,0,0,1,2,0,14,139,14,109,1,0,0,0
584,1,0,0,3,1,0,0,46,19,0,0,0,0,1
585,0,0,0,0,0,0,0,12,0,0,0,0,0,0
586,0,0,0,2,2,4,0,70,44,0,1,0,0,1
587,0,0,0,0,0,0,0,9,0,0,0,0,0,0
588,0,0,0,0,0,0,0,14,0,0,0,0,0,0
589,0,0,0,0,0,0,0,27,0,0,0,0,0,0
590,0,0,0,0,0,0,0,13,0,0,0,0,0,0
591,0,0,0,0,0,0,0,15,0,0,0,0,0,0
592,1,0,0,3,2,0,0,50,19,0,1,0,0,1
593,0,0,0,0,1,0,0,17,9,0,0,0,0,0
594,0,0,0,1,2,0,19,141,14,111,1,0,0,0
595,0,0,0,0,0,0,0,22,0,0,1,0,0,1
596,1,0,0,1,3,0,0,32,20,0,2,0,0,1
597,0,0,0,0,0,0,0,18,0,0,0,0,0,0
598,0,0,0,0,0,0,0,12,0,0,0,0,0,0
599,0,0,0,0,0,0,0,17,0,0,0,0,0,0
600,0,0,0,0,1,0,0,19,11,0,0,0,0,0
601,0,0,0,0,0,0,0,18,0,0,0,0,0,0
602,1,0,0,5,1,0,0,61,15,0,0,0,0,1
603,0,0,0,0,0,0,0,19,0,0,0,0,0,0
604,0,0,0,0,0,0,0,14,0,0,0,0,0,0
605,0,0,0,0,1,0,0,23,15,0,0,0,0,0
606,0,0,0,0,0,0,0,14,0,0,0,0,0,0
607,0,0,0,0,0,0,0,13,0,0,0,0,0,0
608,1,0,0,3,3,1,0,48,18,0,1,0,0,1
609,0,0,0,0,0,0,0,15,0,0,0,0,0,0
610,0,0,0,0,0,0,0,18,0,0,0,0,0,0
611,0,0,0,0,0,0,0,18,0,0,0,0,0,0
612,0,0,0,0,0,0,0,10,0,0,0,0,0,0
613,0,0,0,0,0,0,0,18,0,0,0,0,0,0
614,0,0,0,0,0,0,0,17,0,0,0,0,0,0
615,0,0,0,0,2,0,0,23,15,0,1,0,0,0
616,0,0,0,0,0,0,0,14,0,0,0,0,0,0
617,0,0,0,0,0,0,0,18,0,0,0,0,0,0
618,0,0,0,0,0,0,0,12,0,0,0,0,0,0
619,0,0,0,0,0,0,0,14,0,0,0,0,0,0
620,0,0,0,0,0,0,0,11,0,0,0,0,0,0
621,1,0,0,3,1,0,0,34,11,0,0,0,0,1
622,0,0,0,0,0,0,0,12,0,0,0,0,0,0
623,0,0,0,0,0,0,0,16,0,0,0,0,0,0
624,0,0,0,0,1,0,0,23,15,0,0,0,0,0
625,0,0,0,0,0,0,0,15,0,0,0,0,0,0
626,1,0,0,4,3,0,0,67,25,0,1,0,0,1
627,0,0,0,0,0,0,0,17,0,0,0,0,0,0
628,0,0,0,0,0,0,0,12,0,0,0,0,0,0
629,0,0,0,0,0,0,0,20,0,0,0,0,0,0
630,0,0,0,0,0,0,0,19,0,0,0,0,0,0
631,0,0,0,0,0,0,0,10,0,0,0,0,0,0
632,0,0,0,1,2,0,14,141,14,111,1,0,0,0
633,0,0,0,0,0,0,0,10,0,0,0,0,0,0
634,1,0,0,2,1,0,0,57,22,0,0,0,1,1
635,0,0,0,0,0,0,0,11,0,0,0,0,0,0
636,1,0,0,3,2,0,0,52,24,0,1,0,0,1
637,0,0,0,0,0,0,0,11,0,0,0,0,0,0
638,0,0,0,0,0,0,0,15,0,0,0,0,0,0
639,1,0,0,2,2,1,0,53,21,0,1,0,0,1
640,0,0,0,0,0,0,0,11,0,0,0,0,0,0
641,1,0,0,3,4,0,0,123,34,0,3,0,0,1
642,0,0,0,0,0,0,0,11,0,0,0,0,0,0
643,0,0,0,0,0,0,0,19,0,0,0,0,0,0
644,0,0,0,0,0,0,0,21,0,0,0,0,0,0
645,0,0,0,1,3,0,0,24,15,0,1,0,0,0
646,0,0,0,0,0,0,0,13,0,0,0,0,0,0
647,0,0,0,0,0,0,0,15,0,0,1,0,0,1
648,0,0,0,0,0,0,0,18,0,0,0,0,0,0
649,0,0,0,0,0,0,0,16,0,0,0,0,0,0
650,0,0,0,0,0,0,0,9,0,0,0,0,0,0
651,0,0,0,0,0,0,0,12,0,0,0,0,0,0
652,0,0,0,0,0,0,0,20,0,0,0,0,0,0
653,1,0,0,2,1,0,0,37,10,0,0,0,0,1
654,0,0,0,0,0,0,0,12,0,0,0,0,0,0
655,0,0,0,0,0,0,0,25,0,0,0,0,0,0
656,0,0,0,0,0,0,0,10,0,0,0,0,0,0
657,0,0,0,0,0,0,0,18,0,0,0,0,0,0
658,0,0,0,0,0,0,0,23,0,0,0,0,0,0
659,0,0,0,0,0,0,0,18,0,0,0,0,0,0
660,0,0,0,0,0,0,0,19,0,0,0,0,0,0
661,1,0,0,3,2,0,0,50,26,0,0,0,0,1
662,0,0,0,0,0,0,0,17,0,0,0,0,0,0
663,0,0,0,0,0,0,0,14,0,0,0,0,0,0
664,0,0,0,0,0,0,0,6,0,0,0,0,0,0
665,0,0,0,0,0,0,0,15,0,0,0,0,0,0
666,0,0,0,0,0,0,0,21,0,0,0,0,0,0
667,0,0,0,1,3,0,3,37,17,10,1,0,0,0
668,0,0,0,0,0,0,0,13,0,0,0,0,0,0
669,0,0,0,0,0,0,0,21,0,0,0,0,0,0
670,0,0,0,0,0,0,0,25,0,0,0,0,0,0
671,0,0,0,0,0,0,0,11,0,0,0,0,0,0
672,0,0,0,0,0,0,0,23,0,0,0,0,0,0
673,1,0,0,3,2,1,0,51,19,0,1,0,0,1
674,0,0,0,0,0,0,0,18,0,0,0,0,0,0
675,1,0,0,6,1,0,0,117,14,0,0,0,0,1
676,1,0,0,6,1,0,0,72,19,0,0,0,0,1
677,1,0,0,1,3,0,1,46,16,19,1,0,0,1
678,0,0,0,0,0,0,0,12,0,0,0,0,0,0
679,0,0,0,0,0,0,0,13,0,0,0,0,0,0
680,0,0,0,0,1,0,0,14,6,0,0,0,0,0
681,0,0,0,0,0,0,0,12,0,0,0,0,0,0
682,0,0,0,0,0,0,0,17,0,0,0,0,0,0
683,0,0,0,0,0,0,0,20,0,0,0,0,0,0
684,0,0,0,0,0,0,0,10,0,0,0,0,0,0
685,0,0,0,0,0,0,0,19,0,0,0,0,0,0
686,0,0,0,1,3,0,0,24,15,0,1,0,0,0
687,0,0,0,1,3,0,0,24,15,0,1,0,0,0
688,1,0,0,2,2,2,0,49,29,0,1,0,0,1
689,0,0,0,0,0,0,0,16,0,0,0,0,0,0
690,0,0,0,0,0,0,0,11,0,0,0,0,0,0
691,0,0,0,0,0,0,0,21,0,0,0,0,0,0
692,0,0,0,0,0,0,0,23,0,0,0,0,0,0
693,1,0,0,6,1,0,0,49,9,0,0,0,0,1
694,0,0,0,0,0,0,0,16,0,0,0,0,0,0
695,0,0,0,0,0,0,0,10,0,0,0,0,0,0
696,1,0,0,2,1,0,1,45,19,0,0,0,0,1
697,1,0,0,3,1,0,0,65,17,0,0,0,0,1
698,0,0,0,0,0,0,0,18,0,0,0,0,0,0
699,0,0,0,1,3,0,0,29,18,0,1,0,0,0
700,0,0,0,0,0,0,0,19,0,0,0,0,0,0
701,0,0,0,0,0,0,0,8,0,0,0,0,0,0
702,0,0,0,0,0,0,0,8,0,0,0,0,0,0
703,0,0,0,0,0,0,0,22,0,0,0,0,0,0
704,0,0,0,0,0,0,0,15,0,0,0,0,0,0
705,0,0,0,0,0,0,0,9,0,0,0,0,0,0
706,0,0,0,0,0,0,0,13,0,0,0,0,0,0
707,1,0,0,2,5,0,0,62,39,0,4,0,0,1
708,0,0,0,0,0,0,0,12,0,0,0,0,0,0
709,0,0,0,0,0,0,0,19,0,0,0,0,0,0
710,0,0,0,0,0,0,0,15,0,0,0,0,0,0
711,1,0,0,2,2,0,0,38,16,0,1,0,0,1
712,0,0,0,0,0,0,0,11,0,0,0,0,0,0
713,0,0,0,1,3,0,0,24,15,0,1,0,0,0
714,0,0,0,0,0,0,0,9,0,0,0,0,0,0
715,0,0,0,0,0,0,0,10,0,0,0,0,0,0
716,0,0,0,1,3,0,3,37,17,10,1,0,0,0
717,0,0,0,0,0,0,0,13,0,0,0,0,0,0
718,0,0,0,0,0,0,0,34,0,0,1,0,0,1
719,0,0,0,0,0,0,0,12,0,0,0,0,0,0
720,0,0,0,0,0,0,0,13,0,0,0,0,0,0
721,1,0,0,4,2,0,3,126,15,71,1,0,0,1
722,0,0,0,0,0,0,0,18,0,0,0,0,0,0
723,0,0,0,0,0,0,0,11,0,0,0,0,0,0
724,0,0,0,0,0,0,0,14,0,0,0,0,0,0
725,0,0,0,0,0,0,0,16,0,0,0,0,0,0
726,0,0,0,0,0,0,0,18,0,0,0,0,0,0
727,0,0,0,0,0,0,0,7,0,0,0,0,0,0
728,0,0,0,0,0,0,0,15,0,0,0,0,0,0
729,0,0,0,0,0,0,0,12,0,0,0,0,0,0
730,0,0,0,1,2,0,14,140,14,110,1,0,0,0
731,0,0,0,0,0,0,0,11,0,0,0,0,0,0
732,0,0,0,0,0,0,0,9,0,0,0,0,0,0
733,0,0,0,0,0,0,0,12,0,0,0,0,0,0
734,1,0,0,4,1,0,0,40,17,0,0,0,0,1
735,1,0,0,2,2,0,1,51,15,20,1,0,0,1
736,0,0,0,0,0,0,0,11,0,0,0,0,0,0
737,0,0,0,0,0,0,0,12,0,0,0,0,0,0
738,0,0,0,0,0,0,0,12,0,0,0,0,0,0
739,0,0,0,0,0,0,0,8,0,0,0,0,0,0
740,0,0,0,0,0,0,0,24,0,0,0,0,0,0
741,1,0,0,4,2,0,0,65,22,0,1,0,0,1
742,0,0,0,0,0,0,0,6,0,0,0,0,0,0
743,1,0,0,3,1,0,0,58,12,0,0,0,0,1
744,0,0,0,0,0,0,0,19,0,0,0,0,0,0
745,0,0,0,1,3,0,0,24,15,0,1,0,0,0
746,0,0,0,1,2,0,14,141,14,111,1,0,0,0
747,0,0,0,0,0,0,0,9,0,0,0,0,0,0
748,0,0,0,0,0,0,0,15,0,0,0,0,0,0
749,1,0,0,10,2,0,0,131,14,0,1,0,0,1
750,0,0,0,0,0,0,0,24,0,0,0,0,0,0
751,0,0,0,0,0,0,0,21,0,0,0,0,0,0
752,0,0,0,0,0,0,0,22,0,0,0,0,0,0
753,0,0,0,0,0,0,0,11,0,0,0,0,0,0
754,0,0,0,0,0,0,0,14,0,0,0,0,0,0
755,0,0,0,0,2,0,0,20,12,0,0,0,0,0
756,0,0,0,0,0,0,0,15,0,0,0,0,0,0
757,0,0,0,0,0,0,0,20,0,0,0,0,0,0
758,1,0,0,1,1,0,0,37,16,0,0,0,0,1
759,1,0,0,1,1,0,0,85,21,0,0,0,0,1
760,0,0,0,0,0,0,0,13,0,0,0,0,0,0
761,0,0,0,0,0,0,0,14,0,0,0,0,0,0
762,1,0,0,3,2,0,2,51,14,6,1,0,0,1
763,1,0,0,10,2,0,0,139,14,0,1,0,0,1
764,0,0,0,0,0,0,0,19,0,0,0,0,0,0
765,0,0,0,0,0,0,0,8,0,0,0,0,0,0
766,0,0,0,0,0,0,0,16,0,0,0,0,0,0
767,0,0,0,0,0,0,0,10,0,0,0,0,0,0
768,0,0,0,0,0,0,0,6,0,0,0,0,0,0
769,0,0,0,0,0,0,0,11,0,0,0,0,0,0
770,0,0,0,0,0,0,0,16,0,0,0,0,0,0
771,1,0,0,4,1,0,0,42,15,0,0,0,0,1
772,0,0,0,0,0,0,0,15,0,0,0,0,0,0
773,0,0,0,0,0,0,0,28,0,0,0,0,1,0
774,0,0,0,0,0,0,0,20,0,0,0,0,0,0
775,0,0,0,0,0,0,0,11,0,0,0,0,0,0
776,0,0,0,0,1,0,0,15,7,0,0,0,0,0
777,0,0,0,0,0,0,0,13,0,0,0,0,0,0
778,1,0,0,7,3,0,8,119,11,0,0,1,0,1
779,0,0,0,0,1,0,0,17,9,0,0,0,0,0
780,0,0,0,0,0,0,0,17,0,0,0,0,0,1
781,0,0,0,0,0,0,0,8,0,0,0,0,0,0
782,1,0,0,1,2,0,0,56,35,0,1,0,0,1
783,1,0,0,4,2,0,0,62,25,0,1,0,0,1
784,0,0,0,0,0,0,0,16,0,0,0,0,0,0
785,1,0,0,3,1,0,0,32,14,0,0,0,0,1
786,0,0,0,0,0,0,0,15,0,0,0,0,0,0
787,0,0,0,0,0,0,0,11,0,0,0,0,0,0
788,0,0,0,0,0,0,0,15,0,0,0,0,0,0
789,1,0,0,3,3,3,29,266,26,194,2,0,0,1
790,1,0,0,4,2,0,0,54,29,0,1,0,0,1
791,0,0,0,1,2,0,14,140,14,110,1,0,0,0
792,0,0,0,0,0,0,0,8,0,0,0,0,0,0
793,0,0,0,0,0,0,0,7,0,0,0,0,0,0
794,1,0,0,2,2,0,0,71,45,0,1,0,0,1
795,0,0,0,0,0,0,0,21,0,0,0,0,0,0
796,0,0,0,0,0,0,0,19,0,0,0,0,0,0
797,0,0,0,0,0,0,0,6,0,0,0,0,0,0
798,0,0,0,0,0,0,0,13,0,0,0,0,0,0
799,0,0,0,0,0,0,0,20,0,0,0,0,0,0
800,0,0,0,0,0,0,0,23,0,0,0,0,0,0
801,0,0,0,1,3,0,3,37,17,10,1,0,0,0
802,0,0,0,0,0,0,0,10,0,0,0,0,0,0
803,0,0,0,0,0,0,0,27,0,0,0,0,0,0
804,1,0,0,6,2,1,0,70,20,0,1,0,0,1
805,0,0,0,0,2,0,0,25,17,0,1,0,0,0
806,0,0,0,0,1,0,0,22,14,0,0,0,0,0
807,0,0,0,0,0,0,0,14,0,0,0,0,0,0
808,1,0,0,2,3,0,0,36,22,0,1,0,0,1
809,0,0,0,0,0,0,0,14,0,0,0,0,0,0
810,0,0,0,0,0,0,0,18,0,0,1,0,0,1
811,0,0,0,0,0,0,0,11,0,0,0,0,0,0
812,0,0,0,0,0,0,0,10,0,0,0,0,0,0
813,0,0,0,0,0,0,0,18,0,0,0,0,0,0
814,0,0,0,1,2,0,19,141,14,111,1,0,0,0
815,0,0,0,0,0,0,0,9,0,0,0,0,0,0
816,0,0,0,1,3,0,3,37,17,10,1,0,0,0
817,0,0,0,0,1,0,0,19,11,0,0,0,0,0
818,1,0,0,3,3,0,0,112,29,0,1,0,0,1
819,0,0,0,0,0,0,0,17,0,0,0,0,0,0
820,0,0,0,1,3,0,3,37,17,10,1,0,0,0
821,0,0,0,0,0,0,0,11,0,0,0,0,0,1
822,0,0,0,0,0,0,0,6,0,0,0,0,0,0
823,0,0,0,0,0,0,0,14,0,0,0,0,0,0
824,1,0,0,3,1,0,9,67,12,33,0,0,0,1
825,0,0,0,0,0,0,0,10,0,0,0,0,0,0
826,1,0,0,10,2,0,0,133,14,0,1,0,0,1
827,0,0,0,0,0,0,0,10,0,0,0,0,0,0
828,0,0,0,0,0,0,0,12,0,0,0,0,0,0
829,0,0,0,1,3,0,0,24,15,0,1,0,0,0
830,0,0,0,0,0,0,0,20,0,0,0,0,0,0
831,0,0,0,0,0,0,0,13,0,0,0,0,0,0
832,0,0,0,0,0,0,0,16,0,0,0,0,0,0
833,0,0,0,0,0,0,0,14,0,0,0,0,0,0
834,0,0,0,0,0,0,0,17,0,0,0,0,0,0
835,0,0,0,0,0,0,0,10,0,0,0,0,0,0
836,1,0,0,10,2,0,0,131,14,0,1,0,0,1
837,0,0,0,0,0,0,0,14,0,0,0,0,0,0
838,0,0,0,0,0,0,0,18,0,0,0,0,0,0
839,0,0,0,0,0,0,0,12,0,0,0,0,0,0
840,0,0,0,0,0,0,0,10,0,0,0,0,0,0
841,0,0,0,0,0,0,0,18,0,0,0,0,0,0
842,0,0,0,1,2,0,14,141,14,111,1,0,0,0
843,0,0,0,0,0,0,0,10,0,0,0,0,0,0
844,0,0,0,0,0,0,0,18,0,0,0,0,0,0
845,0,0,0,0,0,0,0,11,0,0,0,0,0,0
846,0,0,0,0,0,0,0,13,0,0,0,0,0,0
847,0,0,0,0,0,0,0,16,0,0,0,0,0,1
848,1,0,0,8,1,0,0,99,17,0,0,0,0,1
849,0,0,0,0,1,0,0,17,9,0,0,0,0,0
850,0,0,0,0,0,0,0,7,0,0,0,0,0,0
851,1,0,0,10,2,0,0,137,14,0,1,0,0,1
852,0,0,0,0,0,0,0,9,0,0,0,0,0,0
853,0,0,0,0,0,0,0,10,0,0,0,0,0,0
854,0,0,0,0,0,0,0,19,0,0,0,0,0,0
855,0,0,0,0,0,0,0,24,0,0,0,0,0,0
856,0,0,0,0,0,0,0,15,0,0,0,0,0,0
857,0,0,0,0,0,0,0,19,0,0,0,0,0,0
858,1,0,0,4,1,0,0,41,11,0,0,0,0,1
859,0,0,0,0,2,0,0,23,15,0,1,0,0,0
860,0,0,0,0,0,0,0,18,0,0,1,0,0,1
861,0,0,0,0,0,0,0,19,0,0,0,0,0,0
862,1,0,0,4,3,0,0,55,28,0,1,0,0,1
863,0,0,0,0,0,0,0,12,0,0,0,0,0,0
864,1,0,0,4,1,0,0,42,11,0,0,0,0,1
865,0,0,0,0,0,0,0,10,0,0,0,0,0,0
866,0,0,0,0,0,0,0,13,0,0,0,0,0,0
867,0,0,0,0,0,0,0,10,0,0,0,0,0,0
868,0,0,0,0,0,0,0,18,0,0,0,0,0,0
869,0,0,0,0,0,0,0,9,0,0,0,0,0,0
870,0,0,0,0,0,0,0,6,0,0,0,0,0,0
871,0,0,0,1,2,0,19,141,14,111,1,0,0,0
872,0,0,0,1,3,0,3,37,17,10,1,0,0,0
873,0,0,0,0,0,0,0,8,0,0,0,0,0,0
874,0,0,0,0,0,0,0,24,0,0,1,0,0,1
875,1,0,0,4,3,0,0,33,14,0,1,0,0,1
876,0,0,0,0,0,0,0,15,0,0,0,0,0,0
877,1,0,0,1,1,0,1,36,14,0,0,0,0,1
878,0,0,0,0,0,0,0,20,0,0,0,0,0,0
879,0,0,0,0,0,0,0,8,0,0,0,0,0,0
880,1,0,0,2,2,0,0,39,16,0,1,0,0,1
881,0,0,0,0,0,0,0,14,0,0,0,0,0,0
882,0,0,0,0,0,0,0,18,0,0,0,0,0,0
883,1,0,0,1,2,1,15,81,20,52,1,0,0,1
884,1,0,0,4,1,0,0,58,14,0,0,0,0,1
885,0,0,0,0,0,0,0,14,0,0,0,0,0,0
886,1,0,0,4,1,0,0,55,23,0,0,0,0,1
887,0,0,0,0,0,0,0,10,0,0,0,0,0,0
888,0,0,0,0,0,0,0,14,0,0,0,0,0,0
889,0,0,0,0,0,0,0,15,0,0,0,0,0,0
890,0,0,0,0,0,0,0,15,0,0,1,0,0,0
891,0,0,0,0,0,0,0,18,0,0,0,0,0,0
892,0,0,0,0,0,0,0,8,0,0,0,0,0,0
893,0,0,0,0,0,0,0,10,0,0,0,0,0,0
894,0,0,0,0,0,0,0,19,0,0,0,0,0,0
895,0,0,0,0,0,0,0,16,0,0,0,0,0,0
896,0,0,0,0,0,0,0,17,0,0,0,0,0,0
897,0,0,0,0,0,0,0,11,0,0,0,0,0,0
898,0,0,0,0,0,0,0,16,0,0,0,0,0,0
899,0,0,0,0,0,0,0,18,0,0,0,0,0,0
900,0,0,0,0,0,0,0,11,0,0,0,0,0,0
901,0,0,0,0,0,0,0,13,0,0,0,0,0,0
902,0,0,0,0,0,0,0,18,0,0,0,0,0,0
903,0,0,0,0,0,0,0,13,0,0,0,0,0,0
904,0,0,0,0,0,0,0,12,0,0,0,0,0,0
905,0,0,0,0,0,0,0,16,0,0,0,0,0,0
906,0,0,0,0,0,0,0,15,0,0,0,0,0,0
907,0,0,0,1,3,0,0,24,15,0,1,0,0,0
908,1,0,0,2,2,1,2,69,12,36,1,0,0,1
909,0,0,0,0,0,0,0,10,0,0,0,0,0,0
910,0,0,0,0,0,0,0,8,0,0,0,0,0,0
911,0,0,0,0,0,0,0,21,0,0,0,0,0,0
912,0,0,0,0,1,0,0,22,14,0,0,0,0,0
913,0,0,0,0,0,0,0,15,0,0,0,0,0,0
914,0,0,0,0,0,0,0,18,0,0,0,0,0,0
915,1,0,0,7,1,0,0,67,9,0,0,0,0,1
916,1,0,0,0,2,0,0,26,19,0,1,0,0,1
917,0,0,0,0,0,0,0,17,0,0,0,0,0,0
918,0,0,0,0,0,0,0,19,0,0,0,0,0,0
919,0,0,0,0,0,0,0,10,0,0,0,0,0,0
920,1,0,0,3,1,0,5,57,9,15,0,0,0,1
921,1,0,0,2,1,0,0,57,27,0,0,0,0,1
922,0,0,0,0,0,0,0,13,0,0,0,0,0,0
923,0,0,0,0,2,0,0,21,13,0,0,0,0,0
924,0,0,0,0,1,0,0,17,9,0,0,0,0,0
925,0,0,0,0,0,0,0,17,0,0,0,0,0,0
926,0,0,0,0,0,0,0,15,0,0,0,0,0,0
927,0,0,0,0,0,0,0,22,0,0,0,0,0,0
928,0,0,0,0,0,0,0,13,0,0,0,0,0,0
929,0,0,0,0,0,0,0,20,0,0,0,0,0,0
930,0,0,0,1,3,0,0,24,15,0,1,0,0,0
931,1,0,0,2,1,0,0,37,13,0,0,0,0,1
932,0,0,0,0,1,0,0,21,13,0,0,0,0,0
933,0,0,0,0,0,0,0,18,0,0,0,0,0,0
934,0,0,0,1,2,0,14,141,14,111,1,0,0,0
935,0,0,0,0,0,0,0,20,0,0,0,0,0,0
936,0,0,0,0,0,0,0,16,0,0,0,0,0,0
937,0,0,0,0,1,2,0,26,18,0,0,0,0,0
938,0,0,0,1,3,0,3,37,17,10,1,0,0,0
939,0,0,0,0,0,0,0,12,0,0,0,0,0,0
940,0,0,0,0,0,0,0,15,0,0,1,0,0,0
941,0,0,0,0,0,0,0,17,0,0,0,0,0,0
942,0,0,0,0,0,0,0,18,0,0,0,0,0,0
943,0,0,0,0,0,0,0,15,0,0,0,0,0,0
944,1,0,0,1,1,0,0,30,13,0,0,0,0,1
945,0,0,0,0,0,0,0,13,0,0,0,0,0,0
946,0,0,0,0,0,0,0,19,0,0,0,0,0,0
947,0,0,0,0,0,0,0,21,0,0,0,0,0,0
948,0,0,0,0,0,0,0,15,0,0,0,0,0,0
949,0,0,0,0,0,0,0,7,0,0,0,0,0,0
950,0,0,0,0,0,0,0,15,0,0,0,0,0,0
951,1,0,0,4,2,0,0,61,24,0,1,0,0,1
952,0,0,0,0,0,0,0,13,0,0,0,0,0,0
953,0,0,0,0,0,0,0,15,0,0,0,0,0,0
954,0,0,0,0,0,0,0,17,0,0,0,0,0,0
955,1,0,0,1,3,0,0,26,13,0,0,1,0,1
956,0,0,0,0,0,0,0,12,0,0,0,0,0,0
957,0,0,0,0,1,0,0,23,15,0,0,0,0,0
958,0,0,0,0,0,0,0,18,0,0,0,0,0,0
959,0,0,0,0,0,0,0,19,0,0,0,0,0,0
960,0,0,0,0,1,0,0,19,11,0,0,0,0,0
961,0,0,0,0,0,0,0,17,0,0,0,0,0,0
962,1,0,0,4,2,0,0,58,24,0,1,0,0,1
963,0,0,0,0,0,0,0,13,0,0,0,0,0,0
964,1,0,0,3,1,0,0,36,10,0,0,0,0,1
965,0,0,0,0,0,0,0,16,0,0,0,0,0,0
966,0,0,0,0,0,0,0,22,0,0,0,0,0,0
967,0,0,0,0,0,0,0,18,0,0,0,0,0,0
968,0,0,0,0,1,0,0,20,12,0,0,0,0,0
969,0,0,0,0,0,0,0,16,0,0,0,0,0,0
970,0,0,0,0,0,0,0,16,0,0,0,0,0,0
971,0,0,0,0,0,0,0,16,0,0,0,0,0,0
972,1,0,0,1,2,0,0,36,17,0,1,0,0,1
973,0,0,0,0,0,0,0,11,0,0,0,0,0,1
974,0,0,0,0,0,0,0,26,0,0,0,0,0,0
975,0,0,0,0,0,0,0,13,0,0,0,0,0,0
976,0,0,0,0,0,0,0,11,0,0,0,0,0,0
977,0,0,0,0,0,0,0,16,0,0,0,0,0,0
978,0,0,0,0,0,0,0,23,0,0,1,0,0,1
979,1,0,0,7,3,0,8,140,11,0,0,1,0,1
980,0,0,0,0,0,0,0,10,0,0,0,0,0,0
981,0,0,0,0,0,0,0,15,0,0,0,0,0,0
982,0,0,0,0,0,0,0,9,0,0,0,0,0,0
983,0,0,0,0,0,0,0,5,0,0,0,0,0,0
984,0,0,0,0,0,0,0,6,0,0,0,0,0,0
985,0,0,0,0,0,0,0,9,0,0,0,0,0,0
986,0,0,0,0,1,0,0,17,9,0,0,0,0,0
987,0,0,0,0,0,0,0,10,0,0,0,0,0,0
988,0,0,0,0,1,0,0,18,10,0,0,0,0,0
989,0,0,0,0,0,0,0,11,0,0,0,0,0,0
990,1,0,0,3,2,0,0,47,13,0,0,0,0,1
991,0,0,0,0,0,0,0,16,0,0,0,0,0,0
992,0,0,0,0,1,0,0,18,10,0,0,0,0,0
993,0,0,0,0,1,0,0,19,11,0,0,0,0,0
994,0,0,0,0,0,0,0,21,0,0,0,0,0,0
995,0,0,0,0,0,0,0,15,0,0,0,0,0,0
996,1,0,0,3,1,0,0,41,15,0,0,0,0,1
997,1,0,0,6,2,1,0,78,24,0,1,0,0,1
998,0,0,0,0,0,0,0,7,0,0,0,0,0,0
999,1,0,0,1,2,0,0,31,15,0,1,0,0,1
1000,0,0,0,0,0,0,0,16,0,0,0,0,0,0
1001,0,0,0,0,0,0,0,11,0,0,0,0,0,0
1002,0,0,0,0,0,0,0,15,0,0,0,0,0,0
1003,0,0,0,0,0,0,0,10,0,0,0,0,0,0
1004,0,0,0,0,0,0,0,15,0,0,0,0,0,1
1005,0,0,0,0,0,0,0,19,0,0,1,0,0,1
1006,0,0,0,0,0,0,0,17,0,0,0,0,0,0
1007,0,0,0,0,0,0,0,13,0,0,0,0,0,0
1008,0,0,0,0,0,0,0,15,0,0,0,0,0,0
1009,0,0,0,0,0,0,0,21,0,0,0,0,0,0
1010,0,0,0,0,0,0,0,8,0,0,0,0,0,0
1011,0,0,0,1,3,0,3,37,17,10,1,0,0,0
1012,0,0,0,0,0,0,0,10,0,0,0,0,0,0
1013,0,0,0,0,0,0,0,12,0,0,0,0,0,0
1014,1,0,0,4,2,0,0,47,23,0,1,0,0,1
1015,0,0,0,0,0,0,0,13,0,0,0,0,0,0
1016,0,0,0,0,0,0,0,19,0,0,0,0,0,0
1017,1,0,0,2,4,0,0,58,35,0,2,0,0,1
1018,1,0,0,2,1,0,2,53,11,30,0,0,0,1
1019,0,0,0,0,2,0,0,23,15,0,0,0,0,0
1020,1,0,0,4,2,0,0,125,14,0,1,0,0,1
1021,0,0,0,0,0,0,0,16,0,0,0,0,0,0
1022,0,0,0,0,0,0,0,13,0,0,0,0,0,0
1023,1,0,0,3,1,0,2,77,20,0,0,0,0,1
1024,1,0,0,4,1,0,0,61,10,0,0,0,0,1
1025,0,0,0,0,0,0,0,10,0,0,0,0,0,0
1026,0,0,0,0,0,0,0,14,0,0,0,0,0,0
1027,1,0,0,4,1,0,0,40,17,0,0,0,0,1
1028,0,0,0,0,0,0,0,12,0,0,0,0,0,0
1029,0,0,0,0,0,0,0,20,0,0,0,0,0,0
1030,1,0,0,0,3,0,0,22,15,0,0,1,0,1
1031,0,0,0,0,0,0,0,10,0,0,0,0,0,0
1032,1,0,0,4,1,0,0,50,20,0,0,0,0,1
1033,0,0,0,0,0,0,0,19,0,0,0,0,0,0
1034,0,0,0,0,0,0,0,16,0,0,0,0,0,0
1035,0,0,0,0,0,0,0,12,0,0,0,0,0,0
1036,0,0,0,0,0,0,0,13,0,0,0,0,0,0
1037,0,0,0,0,0,0,0,14,0,0,0,0,0,0
1038,0,0,0,0,0,0,0,18,0,0,0,0,0,0
1039,0,0,0,0,0,0,0,9,0,0,0,0,0,0
1040,0,0,0,0,0,0,0,24,0,0,0,0,0,0
1041,0,0,0,0,1,0,0,15,6,0,0,0,0,0
1042,0,0,0,0,0,0,0,22,0,0,0,0,0,0
1043,1,0,0,1,3,0,0,25,13,0,0,1,0,1
1044,0,0,0,0,0,0,0,11,0,0,0,0,0,0
1045,0,0,0,0,0,0,0,9,0,0,0,0,0,0
1046,1,0,0,5,3,0,0,91,28,0,1,0,0,1
1047,0,0,0,0,0,0,0,11,0,0,0,0,0,0
1048,1,0,0,4,2,1,0,60,17,0,1,0,0,1
1049,0,0,0,0,0,0,0,9,0,0,0,0,0,0
1050,1,0,0,3,2,0,2,55,19,0,1,0,0,1
1051,0,0,0,0,0,0,0,10,0,0,0,0,0,0
1052,0,0,0,0,0,0,0,9,0,0,0,0,0,0
1053,0,0,0,0,0,0,0,10,0,0,0,0,0,0
1054,0,0,0,0,0,0,0,17,0,0,1,0,0,1
1055,0,0,0,0,0,0,0,12,0,0,0,0,0,0
1056,1,0,0,4,1,0,0,63,21,0,0,0,0,1
1057,0,0,0,0,0,0,0,13,0,0,0,0,0,0
1058,0,0,0,0,0,0,0,14,0,0,0,0,0,0
1059,0,0,0,1,2,0,14,141,14,111,1,0,0,0
1060,0,0,0,0,0,0,0,9,0,0,0,0,0,0
1061,0,0,0,0,0,0,0,11,0,0,0,0,0,0
1062,1,0,0,6,2,0,0,79,20,0,0,0,0,1
1063,0,0,0,1,2,0,14,140,14,110,1,0,0,0
1064,0,0,0,0,0,0,0,25,0,0,0,0,0,0
1065,1,0,0,5,1,0,0,44,11,0,0,0,0,1
1066,1,0,0,2,1,0,0,31,17,0,0,0,0,1
1067,0,0,0,0,0,0,0,9,0,0,0,0,0,0
1068,0,0,0,0,0,0,0,17,0,0,0,0,0,0
1069,1,0,0,4,1,0,10,229,12,165,0,0,0,1
1070,0,0,0,0,0,0,0,27,0,0,0,0,0,0
1071,0,0,0,0,0,0,0,17,0,0,0,0,0,0
1072,0,0,0,0,0,0,0,12,0,0,0,0,0,0
1073,0,0,0,0,0,0,0,6,0,0,0,0,0,0
1074,0,0,0,0,0,0,0,12,0,0,0,0,0,0
1075,0,0,0,0,0,0,0,7,0,0,0,0,0,0
1076,1,0,0,2,2,0,0,31,19,0,1,0,0,1
1077,1,0,0,3,3,0,0,52,21,0,1,0,0,1
1078,0,0,0,0,0,0,0,8,0,0,0,0,0,0
1079,1,0,0,3,2,0,0,45,25,0,1,0,0,1
1080,0,0,0,0,0,0,0,15,0,0,0,0,0,0
1081,0,0,0,0,0,0,0,16,0,0,0,0,0,0
1082,1,0,0,6,3,0,2,102,20,0,2,0,0,1
1083,0,0,0,1,2,0,19,141,14,111,1,0,0,0
1084,1,0,0,3,2,0,1,52,32,0,1,0,0,1
1085,0,0,0,0,0,0,0,14,0,0,0,0,0,0
1086,0,0,0,0,0,0,0,9,0,0,0,0,0,0
1087,0,0,0,0,0,0,0,24,0,0,1,0,0,1
1088,0,0,0,0,0,0,0,20,0,0,0,0,0,0
1089,1,0,0,6,2,0,0,79,25,0,1,0,0,1
1090,1,0,0,3,1,0,2,70,21,16,0,0,0,1
1091,0,0,0,0,1,0,0,21,13,0,0,0,0,0
1092,0,0,0,0,0,0,0,30,0,0,0,0,0,0
1093,0,0,0,0,0,0,0,16,0,0,0,0,0,0
1094,0,0,0,1,3,0,3,37,17,10,1,0,0,0
1095,0,0,0,0,0,0,0,19,0,0,0,0,0,0
1096,0,0,0,1,3,0,0,24,15,0,1,0,0,0
1097,0,0,0,0,0,0,0,19,0,0,0,0,0,0
1098,0,0,0,0,0,0,0,11,0,0,0,0,0,0
1099,0,0,0,0,0,0,0,11,0,0,0,0,0,0
1100,0,0,0,0,0,0,0,28,0,0,0,0,0,0
1101,0,0,0,0,0,0,0,13,0,0,0,0,0,0
1102,0,0,0,0,0,0,0,24,0,0,0,0,0,0
1103,0,0,0,0,0,0,0,21,0,0,0,0,0,0
1104,0,0,0,0,0,0,0,19,0,0,0,0,0,0
1105,0,0,0,0,0,0,0,26,0,0,0,0,0,0
1106,0,0,0,0,0,0,0,19,0,0,0,0,0,0
1107,0,0,0,0,0,0,0,14,0,0,0,0,0,0
1108,1,0,0,4,1,0,1,69,19,0,0,0,0,1
1109,0,0,0,0,0,0,0,20,0,0,0,0,0,0
1110,0,0,0,0,1,0,0,29,21,0,0,0,0,0
1111,0,0,0,0,0,0,0,14,0,0,0,0,0,0
1112,0,0,0,0,0,0,0,11,0,0,0,0,0,0
1113,0,0,0,0,0,0,0,13,0,0,0,0,0,0
1114,0,0,0,1,3,0,0,24,15,0,1,0,0,0
1115,0,0,0,0,0,0,0,17,0,0,0,0,0,0
1116,1,0,0,6,2,0,9,138,16,72,1,0,0,1
1117,0,0,0,0,0,0,0,13,0,0,0,0,0,0
1118,0,0,0,0,2,0,0,21,13,0,0,0,0,0
1119,1,0,0,4,2,0,0,69,40,0,1,0,0,1
1120,0,0,0,0,0,0,0,10,0,0,0,0,0,0
1121,0,0,0,0,0,0,0,11,0,0,0,0,0,0
1122,0,0,0,0,0,0,0,12,0,0,0,0,0,0
1123,0,0,0,0,0,0,0,17,0,0,0,0,0,0
1124,0,0,0,0,0,0,0,7,0,0,0,0,0,0
1125,0,0,0,0,0,0,0,6,0,0,0,0,0,0
1126,0,0,0,0,0,0,0,17,0,0,0,0,0,0
1127,0,0,0,0,0,0,0,17,0,0,0,0,0,0
1128,1,0,0,1,1,0,0,42,24,0,0,0,0,1
1129,0,0,0,0,0,0,0,9,0,0,0,0,0,0
1130,0,0,0,0,0,0,0,15,0,0,0,0,0,0
1131,0,0,0,0,1,0,0,19,11,0,0,0,0,0
1132,1,0,0,2,2,1,0,58,23,0,1,0,0,1
1133,0,0,0,0,0,0,0,19,0,0,0,0,0,0
1134,1,0,0,5,2,0,0,75,26,0,1,0,0,1
1135,0,0,0,0,0,0,0,15,0,0,0,0,0,0
1136,0,0,0,1,2,0,14,141,14,111,1,0,0,0
1137,0,0,0,0,0,0,0,9,0,0,0,0,0,0
1138,1,0,0,2,2,0,0,41,17,0,1,0,0,1
1139,0,0,0,1,2,0,14,141,14,111,1,0,0,0
1140,0,0,0,0,0,0,0,12,0,0,0,0,0,0
1141,0,0,0,0,0,0,0,21,0,0,0,0,0,0
1142,0,0,0,0,0,0,0,22,0,0,0,0,0,0
1143,0,0,0,0,0,0,0,12,0,0,0,0,0,0
1144,0,0,0,0,0,0,0,12,0,0,0,0,0,0
1145,0,0,0,0,0,0,0,15,0,0,0,0,0,0
1146,0,0,0,0,0,0,0,16,0,0,0,0,0,0
1147,0,0,0,0,0,0,0,15,0,0,0,0,0,0
1148,0,0,0,1,3,0,3,37,17,10,1,0,0,0
1149,0,0,0,0,0,0,0,22,0,0,0,0,0,0
1150,1,0,0,2,2,0,0,36,21,0,1,0,0,1
1151,0,0,0,0,0,0,0,23,0,0,0,0,0,0
1152,1,0,0,6,1,0,0,61,16,0,0,0,0,1
1153,0,0,0,0,0,0,0,23,0,0,0,0,0,0
